fit time,MAE,RMSE,p,d,q,P,D,Q,s,t
2.2303208690000247,14.563098216137014,18.876856421485183,1,0,1,2,1,2,2,c
2.3147086689999696,14.486992251753033,19.010171619887668,1,0,1,2,1,2,2,n
2.360342693000007,14.78401903201979,19.15034832372441,1,0,1,2,1,2,2,t
2.3739155429999528,14.65514682264775,18.98291815696262,1,0,1,2,1,2,2,ct
2.5374494619999837,14.179173628145627,18.6317025719914,1,0,1,2,1,2,4,c
2.840356347000011,14.812854506107605,19.24831501743945,1,0,1,2,1,2,6,c
3.9200975029999654,15.165707658811023,19.591422665605773,1,0,1,2,1,2,12,c
314.576385979,16.392636630461492,20.971452812658352,1,0,1,2,1,2,52,c
