fit time,MAE,RMSE,p,d,q,P,D,Q,s,t
2.069048020000082,6.4889152063631546,8.178840769575558,1,0,1,2,1,2,2,c
1.9875936729999921,6.466893194170695,8.192162737916831,1,0,1,2,1,2,2,n
2.255449737000049,6.4654449990501375,8.192158924623897,1,0,1,2,1,2,2,t
2.4118293330000142,6.4557788737715285,8.195979665750023,1,0,1,2,1,2,2,ct
2.35519546799992,6.75706647923174,8.792476033017682,1,0,1,2,1,2,4,c
2.790763760999994,7.102672662175833,9.203161234499264,1,0,1,2,1,2,6,c
3.9296016870000585,7.556359228313286,10.262344861136105,1,0,1,2,1,2,12,c
178.448514713,10.507759196940636,14.027040219848896,1,0,1,2,1,2,52,c
